IP,Attack_Type,Payload
16.33.30.13,Bot Traffic,Medical boy represent myself general feeling.
54.182.90.200,Bot Traffic,Serious sister buy add level option wind discussion.
138.202.179.228,Bot Traffic,Must option all unit trouble include.
137.149.140.185,Bot Traffic,Own hotel less lose office several.
111.146.71.200,Bot Traffic,Item small firm kid kitchen least accept either.
148.7.122.158,Bot Traffic,Pm risk like social leave civil.
187.184.95.164,Bot Traffic,Partner tough film protect service.
79.147.190.127,Bot Traffic,Alone someone soldier who left describe.
36.254.49.193,Bot Traffic,Service protect rich.
103.93.218.230,Bot Traffic,Employee state arrive stock image.
220.95.33.191,Bot Traffic,Truth even military admit fund about state Mr.
31.158.72.236,Bot Traffic,Everybody probably building open.
173.45.27.13,Bot Traffic,Us in blood skin.
119.37.210.124,Bot Traffic,College same loss civil.
4.99.110.223,Bot Traffic,Foreign same again easy to seem while.
171.228.5.199,Bot Traffic,Bad early company miss song create true off.
204.155.203.64,Bot Traffic,Water office might authority.
198.157.236.41,Bot Traffic,Activity between happen take executive.
39.108.182.237,Bot Traffic,Sign music without source firm dream consumer.
36.237.64.128,Bot Traffic,Throw movie very carry range animal of consumer.
5.204.104.99,Bot Traffic,Two stop director none help television.
19.51.50.195,Bot Traffic,Every born owner happen town more piece.
111.237.172.242,Bot Traffic,Evening kitchen travel floor production bed.
212.124.93.193,Bot Traffic,Yet face upon road modern.
66.130.246.76,Bot Traffic,Worker time alone.
103.189.231.82,Bot Traffic,Hospital cost ahead single population.
26.9.132.126,Bot Traffic,Action girl edge day deep black head.
154.204.216.219,Bot Traffic,Cover this employee really four three.
45.190.56.139,Bot Traffic,Interview capital position road center.
86.65.200.165,Bot Traffic,Woman east sound store.
82.159.10.248,Bot Traffic,Republican score now five style hold quite.
138.232.154.204,Bot Traffic,Those money expert song piece give rather president.
198.3.154.151,Bot Traffic,Every suffer away financial soldier media.
184.154.187.118,Bot Traffic,Address teacher music nor rule focus.
154.65.89.137,Bot Traffic,Politics require base leader side since health practice.
68.51.159.121,Bot Traffic,Middle worry build stop.
36.46.158.113,Bot Traffic,Science travel miss strategy pressure.
180.83.251.162,Bot Traffic,Guess information collection.
194.200.202.73,Bot Traffic,First speak religious civil every your discuss.
169.110.13.246,Bot Traffic,Right talk law put whole popular.
213.79.222.223,Bot Traffic,They course past yard then sit partner.
180.78.220.124,Bot Traffic,Speak moment owner since range hard water common.
101.42.234.29,Bot Traffic,Role different include development know she.
30.102.122.65,Bot Traffic,Physical he company strong customer teach home none.
118.37.50.211,Bot Traffic,Assume on million report.
220.24.120.150,Bot Traffic,Draw run fish ever into.
39.237.4.55,Bot Traffic,Toward mean pick wife above major firm.
125.160.52.10,Bot Traffic,Bar late decision.
93.107.233.128,Bot Traffic,Cover improve white argue film.
31.95.38.126,Bot Traffic,Newspaper order of national same speech owner.
79.92.1.195,Bot Traffic,Become message Mr important through.
85.26.64.218,Bot Traffic,Window him college property field happy office value.
38.13.207.139,Bot Traffic,Manage newspaper right live with body still.
146.67.201.240,Bot Traffic,Wall reach people goal.
98.51.129.123,Bot Traffic,Dream herself value him no though throughout.
77.32.205.245,Bot Traffic,Heart let agent.
163.222.236.91,Bot Traffic,Economy wait kitchen grow here.
39.186.145.247,Bot Traffic,West well which local strategy apply.
99.102.39.85,Bot Traffic,Car sure thus discussion subject turn along.
69.47.1.249,Bot Traffic,Model than popular threat natural skill east.
21.226.18.244,Bot Traffic,More everybody just agree authority modern billion.
103.72.186.211,Bot Traffic,Sing nor much he suddenly idea.
221.53.156.98,Bot Traffic,Often past necessary capital through.
13.84.55.163,Bot Traffic,Food nice will agree recently available.
36.218.243.175,Bot Traffic,Someone everybody maintain medical.
49.29.248.175,Bot Traffic,Billion evening stop.
66.154.115.74,Bot Traffic,Direction attack onto heart notice around also.
160.83.82.203,Bot Traffic,Face drive reveal.
131.236.127.211,Bot Traffic,Attack leader so rate eye.
114.122.11.241,Bot Traffic,Item simple skin give reality.
222.63.194.4,Bot Traffic,Very large senior letter feel firm.
132.193.102.170,Bot Traffic,Plan film everything ahead strong into work vote.
185.0.184.252,Bot Traffic,Generation whole require window anything box.
76.162.96.171,Bot Traffic,Executive us why see simply.
6.243.54.42,Bot Traffic,Prove entire run pressure scientist address.
102.228.56.225,Bot Traffic,Somebody mission thousand guess begin.
26.113.135.254,Bot Traffic,More example decision.
142.83.77.134,Bot Traffic,Since sign land different law hospital challenge ahead.
153.43.211.68,Bot Traffic,Short onto against would its than.
90.106.218.25,Bot Traffic,Cell guy plan pattern information scientist.
130.112.121.121,Bot Traffic,Tend view once south ball.
80.3.77.234,Bot Traffic,Tv live difference situation idea.
189.58.3.243,Bot Traffic,Environment long likely reveal.
20.213.235.229,Bot Traffic,Professor surface would second break research.
73.176.241.34,Bot Traffic,Everything performance through evening official collection head.
63.194.188.238,Bot Traffic,Hit catch hand will hand.
92.178.107.253,Bot Traffic,Happen speech writer look part military.
87.59.71.130,Bot Traffic,Most effect over several benefit.
51.248.255.166,Bot Traffic,Operation next suggest policy where.
96.41.161.102,Bot Traffic,Draw writer mother popular but.
7.61.51.18,Bot Traffic,Pass night Mr region often choose.
42.37.222.89,Bot Traffic,As push time lose include political.
151.136.78.49,Bot Traffic,Certainly true early phone.
89.171.201.51,Bot Traffic,Into close perform production front great that.
206.209.21.100,Bot Traffic,Specific allow speech scene.
169.11.253.69,Bot Traffic,Dinner face dream soon knowledge.
60.224.55.80,Bot Traffic,Seven every return perhaps.
52.110.251.103,Bot Traffic,Government spend even century each address show.
143.106.77.204,Bot Traffic,Night better Mrs officer.
165.184.106.132,Bot Traffic,Firm suffer many.
16.120.143.238,Bot Traffic,Mouth development long like travel cost.
78.144.162.65,Bot Traffic,Simply them within.
17.209.24.138,Bot Traffic,Sort animal every glass view song interesting.
203.154.201.42,Bot Traffic,Out serious senior policy safe interesting.
98.218.183.71,Bot Traffic,Republican century money avoid beat perform.
8.184.16.174,Bot Traffic,Public bit item throw only firm section.
126.235.18.149,Bot Traffic,Low deep history behavior treat place agree break.
207.92.250.194,Bot Traffic,Bar outside benefit impact concern debate cell.
173.246.236.192,Bot Traffic,Bed stuff page across.
98.210.160.137,Bot Traffic,Huge single water big.
83.219.149.72,Bot Traffic,Market strategy everybody world ability direction.
138.163.18.185,Bot Traffic,Moment role election dream reveal down.
96.120.61.236,Bot Traffic,Tv wish and contain company.
89.194.50.42,Bot Traffic,Maintain reflect strategy consumer bank.
42.113.93.237,Bot Traffic,Improve dark nor consumer until push market keep.
16.108.18.208,Bot Traffic,Half degree ten.
94.225.223.84,Bot Traffic,Industry woman writer recently where place find eye.
158.202.112.47,Bot Traffic,Ground class stand threat cause concern.
214.18.189.28,Bot Traffic,Any she seven and.
3.119.71.251,Bot Traffic,Window idea available firm knowledge full speak.
191.6.193.253,Bot Traffic,Alone minute prevent song population.
92.156.70.124,Bot Traffic,Form loss charge them your strategy wait.
25.102.51.107,Bot Traffic,Sit day likely my significant else want community.
94.194.149.77,Bot Traffic,Democratic human probably analysis number.
215.245.217.254,Bot Traffic,Think television alone bank skill support seek often.
48.155.228.100,Bot Traffic,Scientist inside speak store carry go race.
119.61.199.116,Bot Traffic,Chance size kid individual western particular.
183.235.203.19,Bot Traffic,Catch fine attorney senior.
37.20.236.246,Bot Traffic,Often year only operation card big tough.
56.14.38.181,Bot Traffic,Sing compare six film space too test player.
80.50.60.98,Bot Traffic,Its hair leave along would.
126.220.37.135,Bot Traffic,Four space support person game behind pretty eye.
62.162.180.99,Bot Traffic,Impact off carry customer town.
223.171.249.25,Bot Traffic,Successful study medical continue owner.
39.192.249.69,Bot Traffic,Base risk situation outside.
3.61.117.49,Bot Traffic,Everyone quality thing place wide big but trouble.
130.224.154.52,Bot Traffic,Weight everyone response floor of certain right.
93.133.203.202,Bot Traffic,Save push from table.
66.157.61.201,Bot Traffic,Raise participant bank form.
77.172.14.136,Bot Traffic,Hold bill second parent recently pick agent.
179.67.179.66,Bot Traffic,To southern standard hot.
55.63.84.110,Bot Traffic,Tonight its raise worker two ball expert.
21.89.8.9,Bot Traffic,Partner across federal rich require economy economic.
37.40.66.181,Bot Traffic,Rise institution tell blue must across the.
48.114.221.64,Bot Traffic,Father sure actually above.
100.4.51.180,Bot Traffic,Community good price trade attention.
123.56.255.65,Bot Traffic,Person suffer require draw rather.
90.161.124.12,Bot Traffic,Trade if laugh across tonight.
85.231.11.59,Bot Traffic,Mother officer whether three.
174.149.214.180,Bot Traffic,Physical executive thank any.
69.206.214.118,Bot Traffic,Water every smile walk.
192.146.246.203,Bot Traffic,Bit world direction explain.
7.84.17.183,Bot Traffic,Half year trial must five.
179.116.22.203,Bot Traffic,Series very amount real foreign.
84.185.229.142,Bot Traffic,Environmental goal responsibility campaign health.
132.103.223.162,Bot Traffic,Participant old why arrive least.
221.183.113.25,Bot Traffic,Window generation reduce fire office enough simple.
215.58.121.41,Bot Traffic,Past read since manage when store walk.
134.81.211.3,Bot Traffic,Draw service whose cold brother.
221.219.1.44,Bot Traffic,Its cover month address simply happen health kind.
163.78.252.32,Bot Traffic,Large amount live old behind unit physical.
91.246.49.117,Bot Traffic,Leader win institution whatever challenge give.
179.219.4.9,Bot Traffic,Firm collection new buy suggest pay cut.
77.150.178.228,Bot Traffic,Check rule risk beat on hotel lawyer.
30.166.149.236,Bot Traffic,Relationship as exactly already.
88.253.28.169,Bot Traffic,Management increase floor effect city choose let.
60.85.177.35,Bot Traffic,Style through front his listen local.
13.8.255.232,Bot Traffic,Out court around thousand organization law Congress.
169.205.7.102,Bot Traffic,Sound nothing clearly prepare.
199.44.184.157,Bot Traffic,Meeting score risk could road fight same.
208.76.181.0,Bot Traffic,Give use tell.
10.135.231.31,Bot Traffic,Himself it news station section we close.
67.152.206.48,Bot Traffic,Continue key hit all.
64.7.85.136,Bot Traffic,Gas recognize left health organization travel.
115.122.167.183,Bot Traffic,Democrat administration similar people however section painting.
163.52.230.184,Bot Traffic,Learn kind drive stage.
130.10.193.161,Bot Traffic,Business candidate class since.
135.245.252.91,Bot Traffic,Health draw my.
185.146.191.210,Bot Traffic,Government early sometimes.
157.247.85.252,Bot Traffic,Coach yourself rise politics.
61.176.210.162,Bot Traffic,Show agree box fish.
125.45.221.15,Bot Traffic,Now order item push when difficult attack event.
73.167.11.55,Bot Traffic,Job kitchen court education.
134.122.95.137,Bot Traffic,Nation amount less along only consumer might public.
104.115.136.75,Bot Traffic,Safe avoid generation activity attack.
210.103.155.221,Bot Traffic,For morning pressure fight.
16.95.253.64,Bot Traffic,Student represent moment at control fly.
7.241.143.81,Bot Traffic,While compare or.
57.247.251.246,Bot Traffic,Soldier feeling as street later.
126.251.150.137,Bot Traffic,Who amount determine executive.
83.153.247.151,Bot Traffic,Even television approach safe woman.
24.47.193.148,Bot Traffic,Defense experience dream head perhaps shoulder leg institution.
133.78.76.16,Bot Traffic,Necessary herself important minute skill toward.
6.18.49.247,Bot Traffic,Other we theory season attorney radio.
80.20.5.184,Bot Traffic,Allow whatever major down environmental.
20.110.81.78,Bot Traffic,Board question anything upon dream somebody.
42.45.137.132,Bot Traffic,We laugh cell than window answer.
71.217.249.105,Bot Traffic,Debate candidate traditional.
28.20.53.213,Bot Traffic,Campaign inside nature computer.
65.71.200.92,Bot Traffic,Main list begin collection probably.
174.188.228.122,Bot Traffic,Hotel care think chair pattern.
186.47.28.29,Bot Traffic,Quite take deep brother establish.
218.92.67.19,Bot Traffic,Scene big also compare.
135.4.195.157,Bot Traffic,Knowledge vote today.
218.86.236.102,Bot Traffic,Story loss speech hard her system.
196.60.69.248,Bot Traffic,Everything nature fish save.
148.24.248.29,Bot Traffic,Make room thousand practice.
76.1.52.83,Bot Traffic,Long most front meet.
73.110.172.109,Bot Traffic,Realize blue site surface perform.
72.159.95.162,Bot Traffic,Word final court claim case big.
33.221.60.227,Bot Traffic,Fine maybe part individual be.
14.33.36.78,Bot Traffic,Play whom rule senior against note.
84.24.57.245,Bot Traffic,Own participant as movie stop source.
133.162.90.86,Bot Traffic,Our growth someone.
123.83.143.77,Bot Traffic,Become wonder statement analysis they fish government.
21.77.22.220,Bot Traffic,Production own value support produce trouble spend.
101.39.38.137,Bot Traffic,Adult trip college child its.
133.102.134.3,Bot Traffic,Market man discussion day everybody enough all.
168.69.13.219,Bot Traffic,Probably read play security.
183.77.79.36,Bot Traffic,Get ability economic energy.
179.242.168.32,Bot Traffic,If bring model which network character economy.
162.14.20.215,Bot Traffic,Set individual song director attorney.
13.61.225.138,Bot Traffic,Deep herself with few focus.
158.229.27.58,Bot Traffic,Prevent whom right beat.
4.243.71.217,Bot Traffic,Free appear beat write another discover.
209.73.18.19,Bot Traffic,Mouth song a hit new.
159.184.76.205,Bot Traffic,Top hotel over how past employee newspaper.
130.126.125.204,Bot Traffic,Third source data law.
123.39.183.14,Bot Traffic,Same great marriage sort court.
162.78.178.85,Bot Traffic,Green husband though machine.
87.123.171.226,Bot Traffic,Our he improve though.
153.182.17.254,Bot Traffic,Available particularly bill side crime which.
46.119.205.126,Bot Traffic,Receive center window each especially.
42.28.94.102,Bot Traffic,Start lose indeed feeling face lot race.
13.197.139.31,Bot Traffic,Partner general president small suggest executive.
146.244.30.12,Bot Traffic,Explain per sea that hard authority.
40.136.192.231,Bot Traffic,Throughout continue senior section live.
86.89.89.67,Bot Traffic,Country door within nice difference.
133.236.138.20,Bot Traffic,Area anyone stuff garden.
176.118.104.122,Bot Traffic,Most off alone cultural.
5.133.51.192,Bot Traffic,Former go difference personal court deep if operation.
112.97.249.14,Bot Traffic,Condition south according.
32.95.158.24,Bot Traffic,Visit difference listen baby.
111.4.219.57,Bot Traffic,Outside glass decide.
120.95.119.195,Bot Traffic,Pattern measure bank area image manage child.
165.54.72.163,Bot Traffic,Example voice why look its.
142.50.142.151,Bot Traffic,Store very too.
61.101.17.202,Bot Traffic,Reality during left group in.
42.120.119.5,Bot Traffic,Pressure vote inside happy nation certain activity.
39.119.135.65,Bot Traffic,Site voice pull prevent off.
193.100.238.151,Bot Traffic,Spend team trial.
205.5.71.134,Bot Traffic,Per necessary reflect.
170.8.216.215,Bot Traffic,Make instead fight history treat home.
179.210.52.12,Bot Traffic,Without image common where realize.
31.202.96.203,Bot Traffic,Lot scientist win PM.
101.51.158.150,Bot Traffic,Sit sister safe check.
182.120.153.116,Bot Traffic,Medical his lose page.
30.214.211.122,Bot Traffic,Deep institution put finally.
159.144.103.153,Bot Traffic,Church himself reason.
184.191.168.247,Bot Traffic,Evening area fine who doctor.
207.88.95.236,Bot Traffic,Happen tough sense else view.
82.218.101.99,Bot Traffic,Yard poor recently question.
198.40.116.246,Bot Traffic,Guess must coach reflect.
54.22.118.78,Bot Traffic,Might state ten this thing matter federal.
216.1.100.224,Bot Traffic,Energy economy pretty.
27.150.67.65,Bot Traffic,Various east natural subject.
105.232.51.231,Bot Traffic,Stop analysis our.
13.89.85.50,Bot Traffic,Near boy throughout left artist daughter.
192.140.14.124,Bot Traffic,Remain let garden.
164.244.26.46,Bot Traffic,After lead our similar plan.
77.62.93.133,Bot Traffic,Since best TV themselves practice without tax.
194.143.8.226,Bot Traffic,Figure factor she edge the high data season.
66.107.205.202,Bot Traffic,Wonder run owner stage whatever.
28.128.75.15,Bot Traffic,Add sure note hundred treat.
64.244.229.177,Bot Traffic,Major themselves travel bar.
60.201.168.218,Bot Traffic,Certainly central type.
147.234.94.162,Bot Traffic,Seat maintain Democrat be role north.
34.251.173.147,Bot Traffic,Discover attention movie or property according.
135.243.142.218,Bot Traffic,Red loss nation reason change.
134.176.251.252,Bot Traffic,They process let sell left cell.
144.9.185.217,Bot Traffic,Least number future those loss.
21.200.69.134,Bot Traffic,Occur key house bit spend American weight.
137.190.148.245,Bot Traffic,Decision difference a short street.
217.227.125.96,Bot Traffic,Wonder process loss thus hair war.
45.122.247.39,Bot Traffic,Account return audience edge together hope.
47.245.82.90,Bot Traffic,Democratic cover check magazine design.
119.71.113.79,Bot Traffic,Different statement night consider.
185.220.56.80,Bot Traffic,Day land fill whose.
47.209.41.241,Bot Traffic,Leave power material organization blue.
71.130.144.241,Bot Traffic,Year trouble foreign poor and.
98.220.127.191,Bot Traffic,Nice until certain or.
102.51.145.72,Bot Traffic,Relationship interview executive.
139.32.112.232,Bot Traffic,Within against politics rest law.
100.23.209.253,Bot Traffic,Full boy matter offer assume model.
206.99.216.170,Bot Traffic,Now but piece own.
174.96.65.157,Bot Traffic,No including win.
196.132.139.209,Bot Traffic,Similar involve catch official across hold.
41.152.114.55,Bot Traffic,Pressure will believe fire fill hair stop.
192.156.212.6,Bot Traffic,Body might once general with.
92.231.235.77,Bot Traffic,Important throughout partner within interest talk.
114.114.65.176,Bot Traffic,Lawyer item say drop form become week.
175.118.240.49,Bot Traffic,Tonight sign two protect.
67.100.170.204,Bot Traffic,Along table decision challenge modern former person.
24.128.180.19,Bot Traffic,Expert by event measure.
64.142.77.179,Bot Traffic,Around learn body sport.
166.245.185.62,Bot Traffic,Summer decision daughter doctor student join pull wind.
147.249.244.142,Bot Traffic,Father hundred bill.
217.228.69.214,Bot Traffic,East hundred develop such red voice.
182.152.137.11,Bot Traffic,Recognize interview force floor late.
14.142.219.61,Bot Traffic,List life bit television state game.
147.115.103.206,Bot Traffic,Theory fear agency store.
50.36.134.218,Bot Traffic,Sure notice season certainly child.
45.191.181.124,Bot Traffic,Create site manager itself condition cup address.
17.224.74.139,Bot Traffic,Well wonder upon.
165.7.123.0,Bot Traffic,Key drug agree firm billion item.
27.219.212.234,Bot Traffic,Quality knowledge herself should brother.
121.144.8.31,Bot Traffic,Walk create officer pay shake people.
38.95.35.223,Bot Traffic,Particular sister give rule hospital again.
124.28.252.51,Bot Traffic,Entire free wish product agreement miss.
17.136.109.104,Bot Traffic,Always south visit job memory but enter.
2.148.0.119,Bot Traffic,Nice or government.
35.37.216.126,Bot Traffic,Now understand than thought reduce process.
194.12.165.175,Bot Traffic,Up it happy director serious center material.
30.10.206.73,Bot Traffic,Audience imagine management note rock.
156.139.89.180,Bot Traffic,Question own candidate after.
65.77.145.132,Bot Traffic,Hard person light official.
65.21.86.69,Bot Traffic,Research create yeah apply early.
101.81.217.226,Bot Traffic,Develop save scientist result.
75.141.126.72,Bot Traffic,Detail good bank professional either cost create.
119.84.232.172,Bot Traffic,Certain trial think finally.
43.185.162.208,Bot Traffic,Low democratic where like entire seat.
104.214.40.195,Bot Traffic,Ago before professor huge manage significant as show.
33.43.77.141,Bot Traffic,Owner mother rate fill guess.
81.11.202.33,Bot Traffic,Skill floor recent.
158.47.233.218,Bot Traffic,Ground simple others establish responsibility shoulder foreign.
106.35.26.51,Bot Traffic,Follow father fish effect everything yourself avoid east.
147.241.99.8,Bot Traffic,Him which draw consumer himself work base.
212.137.12.251,Bot Traffic,Able subject serve event.
83.11.179.201,Bot Traffic,Seven opportunity me.
98.198.72.118,Bot Traffic,Cup travel close economic tough improve.
86.122.0.117,Bot Traffic,Word research perhaps.
84.90.181.49,Bot Traffic,Pick generation fish.
152.178.247.234,Bot Traffic,Toward meeting economy movie.
3.126.252.14,Bot Traffic,Management organization candidate describe gas.
80.55.31.1,Bot Traffic,Ball home foreign majority.
146.89.126.147,Bot Traffic,Like method fight late fear whole image.
82.152.65.49,Bot Traffic,Determine southern add.
180.123.33.243,Bot Traffic,Single theory control health economy dark.
108.210.164.34,Bot Traffic,Growth board daughter.
185.94.219.154,Bot Traffic,Sign full series eye task type face.
164.54.201.211,Bot Traffic,Exactly produce this force cold certain dark only.
106.214.37.123,Bot Traffic,Because exist soldier middle purpose news.
130.195.65.20,Bot Traffic,Significant sing financial to thank.
74.23.85.211,Bot Traffic,Interest poor training former we language.
212.20.63.121,Bot Traffic,House include effort table conference kind color.
44.134.45.150,Bot Traffic,Imagine clearly deep natural end.
199.86.227.204,Bot Traffic,Best person body paper certainly allow something.
215.175.131.245,Bot Traffic,Town follow order run.
116.122.43.183,Bot Traffic,Tax begin herself million up.
100.51.102.238,Bot Traffic,Former project discuss manager along specific.
153.184.75.34,Bot Traffic,Able listen difficult seven meeting its.
3.66.170.133,Bot Traffic,Population drop artist team say.
105.7.201.88,Bot Traffic,Main star gun pay no quite.
80.119.76.253,Bot Traffic,Week case support rather prepare off because.
203.118.243.184,Bot Traffic,Author rise issue measure how law pressure.
23.93.52.2,Bot Traffic,Security response economic house gun.
40.229.71.92,Bot Traffic,Number type build natural artist kid.
97.142.7.101,Bot Traffic,Step everyone argue.
114.223.190.97,Bot Traffic,None middle sound real dream wind former.
55.68.131.248,Bot Traffic,Investment then one amount however.
159.100.211.222,Bot Traffic,Expert partner enter.
73.146.53.223,Bot Traffic,Box policy measure trial.
9.12.178.221,Bot Traffic,Century let man foot catch table.
39.64.11.35,Bot Traffic,Able land she quickly section production party.
211.187.178.66,Bot Traffic,History another now itself boy news a cut.
151.224.124.7,Bot Traffic,Star size morning family ask important.
4.189.217.163,Bot Traffic,Artist age available produce center.
88.237.131.37,Bot Traffic,Lead use growth technology.
50.143.11.11,Bot Traffic,Product measure as tax will boy conference.
16.242.61.80,Bot Traffic,Maintain investment relate better.
188.157.134.168,Bot Traffic,She house free.
210.61.148.40,Bot Traffic,Need around drive game.
188.149.225.90,Bot Traffic,Police wear go.
56.6.208.81,Bot Traffic,Nothing option ready part brother join.
80.171.164.88,Bot Traffic,Subject painting develop environmental although.
102.73.253.9,Bot Traffic,Something turn develop at mission agreement type.
213.181.178.89,Bot Traffic,Expert appear drive card act determine.
52.77.114.62,Bot Traffic,Hope American mission big.
134.73.209.123,Bot Traffic,World year act debate.
36.162.223.122,Bot Traffic,But civil among system.
206.80.100.133,Bot Traffic,Clearly day my defense now.
160.155.155.166,Bot Traffic,Visit deal concern first by notice close.
126.61.223.18,Bot Traffic,Mention resource page their indicate woman good.
195.98.253.78,Bot Traffic,Ago life film should only director.
164.106.204.232,Bot Traffic,Available report usually account method score manage.
28.194.8.251,Bot Traffic,Join keep player these pull kitchen.
76.92.8.106,Bot Traffic,Weight food car fear.
80.238.175.58,Bot Traffic,Book live consumer blood according.
139.207.61.251,Bot Traffic,Seek foreign loss south anyone race moment believe.
204.193.75.81,Bot Traffic,Early air serve family region cost.
87.8.255.103,Bot Traffic,Suggest feel need player amount help.
5.206.109.208,Bot Traffic,Especially million forget onto bring.
156.22.218.217,Bot Traffic,Leader notice center turn simply.
36.108.184.174,Bot Traffic,Eat story somebody artist.
62.87.233.204,Bot Traffic,Detail under issue clear fear help.
85.210.210.167,Bot Traffic,Daughter imagine present mind some.
178.233.91.123,Bot Traffic,Case along his role government think strong.
141.9.192.189,Bot Traffic,Edge wonder heart police future join.
36.151.121.210,Bot Traffic,Experience story capital build administration.
167.107.130.223,Bot Traffic,Form research hundred million rate deep.
153.84.112.20,Bot Traffic,Realize your amount.
135.42.12.121,Bot Traffic,Spend tend successful effort.
156.76.28.79,Bot Traffic,Box rather five former have guess.
115.81.136.163,Bot Traffic,Experience business billion note modern shoulder.
192.207.234.69,Bot Traffic,Threat project allow college.
173.81.88.103,Bot Traffic,Ask project set end check cut candidate.
133.201.33.57,Bot Traffic,Big federal become couple option discover firm.
117.31.245.29,Bot Traffic,Push operation sound company wife task.
74.159.54.186,Bot Traffic,Spring marriage though economy.
27.32.102.181,Bot Traffic,The ever set.
92.122.1.15,Bot Traffic,Water effect course society shake far total.
202.120.73.54,Bot Traffic,Relate future expert foreign area blood grow.
115.222.106.251,Bot Traffic,Send arrive mouth sing approach visit available study.
177.27.99.167,Bot Traffic,Know meeting movement newspaper.
205.52.197.29,Bot Traffic,Born represent choice floor.
86.148.216.197,Bot Traffic,Result carry north fast everybody relationship face.
188.253.129.182,Bot Traffic,Base media civil between.
89.83.197.46,Bot Traffic,Morning side morning minute represent lay current.
7.233.108.204,Bot Traffic,Partner nothing cause fund along lay.
211.128.231.27,Bot Traffic,Face hold forget subject friend believe article argue.
201.134.153.4,Bot Traffic,Attack Democrat company feel.
130.177.32.236,Bot Traffic,Data by community.
55.54.132.117,Bot Traffic,As soldier player.
62.7.112.74,Bot Traffic,Current task though present late learn go.
137.55.65.173,Bot Traffic,Drive job American human by.
93.27.157.191,Bot Traffic,Though painting world.
25.199.229.232,Bot Traffic,Project test per meeting.
98.141.88.95,Bot Traffic,Doctor if important these mind standard.
129.174.165.63,Bot Traffic,White need partner send.
203.5.136.251,Bot Traffic,Head skin side father young respond apply.
40.123.190.130,Bot Traffic,Type receive morning need word my.
47.233.251.115,Bot Traffic,Some pick black.
60.148.223.70,Bot Traffic,Full thus citizen face.
197.35.239.75,Bot Traffic,Business add consider attorney just behind different.
119.147.1.30,Bot Traffic,Close they system society somebody garden maybe.
78.248.66.42,Bot Traffic,Blood change key.
195.109.19.101,Bot Traffic,Part provide available too not.
52.149.159.194,Bot Traffic,Choice fear above decade beat catch interview.
24.105.44.145,Bot Traffic,Night trade ten already environmental wind.
119.157.243.70,Bot Traffic,Attention truth we sport cause per weight.
97.108.144.221,Bot Traffic,Them owner shoulder different.
53.48.210.98,Bot Traffic,Whole safe this including star allow just.
165.95.130.13,Bot Traffic,And suffer become star join relate charge.
123.171.175.118,Bot Traffic,Change sometimes note election.
157.217.231.27,Bot Traffic,Dinner pattern husband laugh.
59.106.223.123,Bot Traffic,Case chair yard.
213.195.252.125,Bot Traffic,Rest capital huge half.
142.230.4.151,Bot Traffic,Speak task chair animal coach.
47.178.109.24,Bot Traffic,Government fish art once matter.
137.39.150.79,Bot Traffic,Place wind land million.
223.64.198.18,Bot Traffic,Itself answer friend would drug who.
213.204.68.147,Bot Traffic,Responsibility impact every choice sing site site song.
200.124.193.71,Bot Traffic,Accept nature onto matter.
60.8.202.97,Bot Traffic,Plan inside cultural other market improve.
207.145.70.239,Bot Traffic,Wind box allow sense.
167.206.213.181,Bot Traffic,Guy country apply project game.
138.221.57.182,Bot Traffic,Ten position partner more dinner everything agency.
214.66.238.118,Bot Traffic,Why second picture admit middle fish court.
174.243.225.16,Bot Traffic,Source others white guess recent account.
46.184.154.76,Bot Traffic,Claim specific ok throughout describe television.
21.117.83.100,Bot Traffic,Process consider color mother bar either themselves away.
138.113.245.245,Bot Traffic,Culture later the instead.
154.245.107.94,Bot Traffic,Approach college everybody born marriage accept.
62.146.153.53,Bot Traffic,Goal throw national hand senior serious customer.
126.86.250.253,Bot Traffic,Cost American take bar beautiful.
196.242.110.150,Bot Traffic,Stay raise factor challenge last notice road.
131.207.61.93,Bot Traffic,Admit question itself be right administration cause of.
48.109.220.208,Bot Traffic,Development mind manager foot account.
181.5.55.62,Bot Traffic,Explain usually everybody Mr.
123.17.97.173,Bot Traffic,Traditional while to particularly protect develop.
108.146.41.30,Bot Traffic,Prepare field market improve.
83.188.28.163,Bot Traffic,Across all require democratic pick car significant.
2.82.190.199,Bot Traffic,Husband police compare until when suffer.
217.108.105.116,Bot Traffic,Blood spring rule agree enough mind control.
10.79.182.232,Bot Traffic,Not smile me.
45.46.203.120,Bot Traffic,Present across expert threat create lay investment go.
97.231.32.55,Bot Traffic,Individual feel guy full rich trial senior.
37.178.128.56,Bot Traffic,Any fire wait development use dog various.
144.142.189.130,Bot Traffic,Live fear seven thus career strong perform.
173.255.76.248,Bot Traffic,Long century sport.
109.162.20.104,Bot Traffic,Coach various get name miss.
6.71.231.49,Bot Traffic,Positive word later left thought TV.
58.68.104.86,Bot Traffic,Would again guess player statement trouble piece.
133.245.140.167,Bot Traffic,Majority least push song join body hundred.
161.146.58.252,Bot Traffic,Increase later high pass care process evening.
77.73.121.222,Bot Traffic,Simply case color public.
159.95.235.120,Bot Traffic,Leave activity stock model.
114.181.49.124,Bot Traffic,Chance establish method my see time term.
171.112.156.99,Bot Traffic,Impact world bad region compare unit floor road.
85.132.68.223,Bot Traffic,Common fear for either performance politics.
